343137,343679,9,14.1437
343137,343138,12,8.00494
343137,343678,33,2.96799
343679,343139,34,5.77537
343138,342598,47,4.10763
343679,343680,53,2.27827
343139,343140,54,5.17147
343678,344220,61,4.4356
343137,342597,65,2.72696
343140,342600,70,11.6485
342598,342058,71,8.49336
342600,342601,76,19.9355
342598,342599,76,4.38332
343680,343681,78,3.93423
342058,341518,81,14.5221
342058,342059,81,10.5166
342601,342602,82,19.1461
343140,343141,83,3.86488
342059,342060,86,21.3948
341518,341519,86,23.3366
343137,342596,86,1.26562
342597,342057,93,5.09908
342602,342062,95,11.4223
342601,342061,95,7.68727
343681,343682,102,4.20495
343141,343142,104,4.82927
342060,341520,106,7.27611
341519,341520,106,5.25763
342058,341517,107,2.77855
342602,342603,108,3.89264
342062,341522,109,10.5038
341518,340978,109,5.18289
342061,341521,110,10.0449
343137,343136,111,0.901051
343137,343677,111,1.22127
341519,340979,111,5.85917
342601,343143,116,3.59993
341517,340977,119,12.0057
342062,342063,120,4.01727
343682,343683,121,7.05431
341522,340982,122,15.0365
341520,340980,123,11.8766
341521,340981,124,13.1015
340979,340439,126,12.1766
342063,341523,129,16.0232
340982,340442,133,13.4173
340981,340441,134,15.0365
340980,340440,134,13.1015
343143,343144,136,5.38936
340978,340438,136,5.7514
340439,339899,137,13.1015
340977,340437,137,8.11504
343683,343684,138,6.13132
342063,342064,139,5.29568
341523,340983,139,14.3824
342596,342056,144,2.67073
340442,340443,145,9.04213
341517,340976,145,2.75703
340440,339900,147,11.581
340438,339898,148,12.4809
341523,341524,148,5.54471
342057,341516,153,1.91329
340441,339901,153,7.5508
340443,340444,153,14.1557
340976,340436,155,14.7087
343137,342595,156,0.974282
340443,340985,156,13.2949
339899,339359,156,7.76257
340983,340984,156,6.05615
340442,339902,157,6.04183
343684,343685,157,5.34155
342064,342065,158,5.38936
340437,339897,159,6.65704
340444,340445,161,14.1557
339902,339903,164,16.278
339898,339358,164,8.9019
340444,340986,164,13.2949
340445,340446,165,25.8068
340436,339896,166,13.3717
341524,341525,166,5.71896
339903,339904,168,25.8068
339359,339360,169,7.79053
342596,342055,169,1.26437
342603,342604,169,1.68384
340446,340447,170,22.0513
339904,339905,172,26.8172
339360,339361,173,28.3493
339359,338819,175,7.5508
342065,342066,176,5.65869
339905,339906,177,24.1089
339361,339362,178,21.0186
338819,338820,179,26.003
340447,339907,179,16.2369
340447,340448,179,11.7104
340986,340987,179,6.74152
342604,342605,181,61.3951
341525,341526,181,53.1952
339362,339363,182,43.872
342066,342067,182,54.7325
342605,342606,183,60.9288
341526,341527,183,51.5532
338820,338821,183,35.6182
340987,340988,183,30.1809
342067,342068,184,51.5532
343685,343686,184,16.7386
343681,344223,184,5.25574
341527,341528,185,52.3861
342606,342607,185,59.5058
339363,339364,185,35.6182
342068,342069,186,53.1952
338821,338822,186,43.872
343682,344224,186,6.49386
342607,342608,187,59.5058
341528,341529,187,56.1466
344224,344225,188,58.5445
342608,342609,189,54.7325
344225,344226,190,61.1817
338822,338823,190,31.908
339364,339365,191,18.4232
342609,342610,191,52.3861
344226,344227,192,59.7048
343686,343687,192,12.9128
344227,344228,194,60.3007
343687,343688,194,58.0027
342610,342611,194,48.0339
338823,338824,196,17.4842
342611,342612,196,58.5445
343688,343689,196,60.3007
344228,344229,196,60.3007
342612,342613,198,59.9242
343689,343690,198,56.8024
344229,344230,198,58.5445
339365,339366,199,12.9411
339366,339367,201,56.3458
340976,340435,201,1.34111
344230,344231,201,48.9368
344231,344232,204,48.0339
338824,338825,204,13.5877
339367,339368,204,48.2004
344232,344233,206,59.5058
339368,339369,206,63.2963
340436,339895,206,1.26691
338825,338826,207,41.7319
342604,343146,207,4.77296
339897,339357,207,2.03843
339369,339370,208,61.8155
343146,343147,209,58.0027
338826,338827,209,54.4444
339370,339371,210,63.2963
343147,343148,211,59.9242
338827,338828,211,64.0585
339371,339372,212,61.5706
338828,338829,213,62.3131
342608,343150,213,5.49537
343148,343149,213,60.3007
344224,344766,214,5.14618
342609,343151,214,5.69418
338829,338830,215,56.3458
339358,338818,215,2.08082
342610,343152,215,6.06567
344226,344768,216,5.63777
343152,343153,217,60.9288
341516,340975,217,1.30891
342056,341515,217,1.21096
338830,338831,218,48.2004
344768,344769,218,60.3007
343153,343154,219,58.5445
344769,344770,220,61.1817
343154,343155,221,59.9242
338831,338832,221,48.2004
338820,338280,221,3.22289
344770,344771,222,54.7325
338819,338279,222,2.54899
343155,343156,223,60.3007
338280,338281,224,39.6335
338832,338833,224,48.2004
338821,338281,224,3.51846
343156,343157,225,61.3951
344233,344234,225,5.26821
344231,344773,225,6.06567
338833,338834,226,62.3131
339896,339356,226,1.95554
343136,343135,226,0.760872
343157,343158,227,63.2963
338834,338835,228,63.2963
338281,338282,228,25.5282
344223,344765,228,3.24523
343158,343159,229,61.3951
344220,344762,229,1.84309
344762,344763,231,51.5532
339368,339910,231,5.26492
343159,343160,232,46.0354
338835,338836,232,31.908
339910,339911,233,61.9645
343160,343161,234,59.9242
338282,338283,235,15.7812
339911,339912,235,61.9363
339370,339912,235,5.26492
343161,343162,236,58.0027
342595,342054,236,1.03027
338836,338837,237,22.8542
339912,339913,237,61.9363
343162,343163,238,60.6354
338837,338838,239,60.9288
343163,343164,240,61.1123
338838,338839,241,74.2619
338827,338287,241,4.57295
338283,338284,242,19.3138
344766,345308,242,5.09645
343164,343165,242,62.2806
338839,338840,243,56.5461
338287,338288,243,67.8722
338832,339374,243,6.3651
338826,338286,243,4.01668
343165,343166,244,77.6543
338284,338285,244,53.7289
344768,345310,245,4.92354
343152,343694,245,4.84472
338288,338289,245,62.2806
343153,343695,245,5.09645
338835,339377,245,7.94588
339374,339375,245,84.609
343166,343167,246,70.6171
344770,345312,246,5.39407
338840,338841,246,46.5925
338836,339378,246,9.65659
338289,338290,247,79.3246
345310,345311,247,79.0158
339375,339376,247,83.9273
339378,339379,248,69.5949
338290,338291,249,77.4685
344234,344776,249,5.86817
339379,339380,250,50.261
343155,343697,250,4.92354
338291,338292,251,59.4193
338841,338842,251,21.1977
343159,343701,251,6.52909
343697,343698,252,79.6477
343157,343699,252,5.22079
339380,339381,253,37.5726
343167,343168,253,15.5689
343701,343702,253,78.1646
338292,338293,253,65.1103
339895,339355,253,3.13699
343699,343700,254,78.1646
344762,345304,254,5.61939
343702,343703,255,73.4225
338293,338294,255,82.2031
339358,338817,255,0.975989
343155,342615,255,4.25367
344765,345307,255,5.23941
338842,338843,256,20.5981
344233,344775,256,2.68582
343156,342616,256,4.38362
343703,343704,257,79.6477
338294,338295,257,50.9529
343157,342617,257,4.49523
342055,341514,258,1.02684
338843,339385,258,97.3914
342617,342618,259,79.3246
343704,343705,259,59.4193
338295,338296,260,38.437
338841,339383,260,10.5011
339377,339919,260,10.0013
342618,342619,261,77.0872
343705,343706,261,53.7289
339381,339923,261,19.8234
339381,339382,262,11.4563
338296,338297,262,75.0497
338819,338278,262,1.10358
343706,343707,263,56.559
342619,342620,263,56.559
339385,339386,263,23.7843
338280,337740,263,3.48411
339919,339920,263,49.0253
343168,343169,264,9.42893
338297,338298,264,78.1646
339911,340453,264,4.61496
342620,342621,265,77.6543
338842,339384,265,10.7002
339383,339384,265,20.5981
338279,337739,265,3.34165
339376,339918,266,7.7107
338298,338299,266,73.4225
337740,337741,267,30.4396
339923,339924,267,17.0346
342621,342622,267,78.6183
339920,339921,267,32.6427
338299,338300,268,62.7691
339386,339387,269,17.5392
339380,339922,269,7.56367
345312,345854,269,6.29044
345308,345850,269,5.28965
342622,342623,269,80.3806
342623,342624,271,77.4685
345854,345855,271,79.6477
339921,340463,271,35.7349
339387,339388,272,36.2648
338300,338301,272,27.488
337741,337742,273,18.2856
345855,345856,273,71.5976
343694,344236,273,5.14282
340463,340464,273,76.4636
342624,342625,273,80.217
343695,344237,274,4.96488
339375,339917,274,5.04033
339383,339925,274,10.7002
344776,345318,275,5.50392
345310,345852,275,4.84472
343151,343693,275,2.28866
340435,339894,275,1.35175
342625,342626,275,53.7289
344237,344238,276,68.5343
338286,337746,277,4.25618
345318,345319,277,62.2806
338287,337747,277,3.93787
339388,339389,278,18.2856
338289,337749,278,4.33634
344238,344239,278,56.5461
337742,337743,279,18.2856
343704,344246,279,6.52909
340464,340465,279,19.0895
343700,344242,279,5.66082
342626,342627,279,27.1035
344239,344240,280,54.02
339389,339931,280,79.511
337747,337748,280,43.1276
343705,344247,280,6.88327
343702,344244,280,5.23941
343136,342594,280,0.692854
343701,344243,280,4.92354
337749,337750,280,56.559
337743,337744,281,50.9529
343699,344241,281,4.92354
339920,340462,281,8.14549
344247,344248,282,75.3627
339931,340473,282,74.1753
344244,344245,282,67.8722
337750,337751,282,80.9075
339918,340460,282,9.33088
340465,341007,282,59.3192
339919,340461,282,6.60898
339388,339930,283,13.0812
344248,344249,284,75.784
337751,337752,284,62.2806
344775,345317,284,5.14282
338293,337753,285,4.49523
338843,338844,285,3.51887
339387,339929,286,8.45536
342627,342628,286,15.5689
339930,340472,286,59.3192
339925,339926,287,8.15271
337753,337754,287,65.1103
340473,341015,288,26.0973
340472,341014,288,97.3914
342615,342075,288,4.31953
341007,341008,289,15.5689
337754,337755,289,53.7289
339895,339354,289,1.20652
344249,344791,290,27.6979
342075,342076,290,77.4685
342617,342077,290,4.33634
342616,342076,290,4.25618
341015,341016,291,34.209
338844,338845,291,17.5392
341008,341009,292,38.437
337755,337756,292,48.2511
339926,339927,292,24.757
342077,342078,292,79.6477
340461,341003,292,14.2392
339929,340471,293,23.2772
343169,343170,293,3.51887
344773,345314,293,1.47729
340975,340434,293,1.31724
337756,337757,294,50.9529
341003,341004,294,50.9529
342078,342079,294,79.3246
340473,340474,294,8.99022
340471,341013,295,97.3914
344762,345303,295,1.51948
337757,337758,296,74.2619
341004,341005,296,65.1103
342079,342080,296,77.4685
343170,343712,296,68.9596
341016,341017,296,24.1646
344249,344250,296,8.57509
341009,341010,296,29.4865
339927,339928,297,22.8312
339917,340459,297,6.3651
339924,340466,297,4.72036
342080,342081,298,80.0742
343712,343713,298,70.5276
338845,338846,298,14.7741
337758,337759,298,71.5976
341013,341555,298,59.3192
345318,345860,298,6.3651
342621,342081,298,4.28678
345854,346396,299,4.7712
340474,340475,299,24.1646
342622,342082,299,4.52912
341010,341011,300,30.4396
345319,345861,300,6.21565
344236,344778,300,5.28965
344238,344780,300,6.14269
344237,344779,300,5.50392
341014,341556,300,12.063
341017,341018,301,19.417
339931,339932,301,28.2178
339389,339390,301,25.4885
342623,342083,301,33.7779
337739,337199,301,22.3906
342624,342084,301,39.6085
341011,341012,302,64.5884
343713,343714,302,63.9758
342628,342629,302,10.0048
337744,337204,302,40.1283
344239,344781,302,1.8727
337750,337210,302,36.3338
341514,340974,302,15.6406
337759,337760,302,11.9128
337752,337212,302,41.3214
338279,337738,302,2.54938
337748,337208,302,32.3073
338817,338277,302,12.4413
342625,342085,302,23.3866
338818,338277,302,2.23621
338846,338847,303,27.6396
343170,343171,303,31.2151
342077,341537,303,38.1371
342075,341535,303,33.7779
339387,338847,303,17.1306
337751,337211,303,26.5792
338842,338302,303,11.2779
337740,337200,303,14.9391
337749,337209,303,24.417
339932,339933,304,37.9929
342080,341540,304,39.1317
337757,337217,304,32.8413
339354,338814,304,26.1463
337743,337203,304,22.3906
337753,337213,304,27.7094
337747,337207,304,19.6093
342081,341541,304,40.4972
339355,338815,304,9.07474
342082,341542,304,35.052
345861,345321,305,30.1941
343712,343172,305,30.0609
337755,337215,305,21.4292
337758,337218,305,31.2454
337754,337214,305,23.3866
340475,340476,305,17.5121
338847,338848,306,38.7076
344250,344251,306,16.9842
339933,339934,306,64.5884
337756,337216,306,22.3906
341008,340468,306,17.9241
342626,342086,306,13.631
338815,338816,307,33.7271
337210,336670,307,33.7779
337208,336668,307,30.1941
339390,339391,307,16.9842
337741,337201,307,9.92298
339356,338816,307,4.39117
337212,336672,307,32.5182
341540,341000,308,40.4972
343171,342631,308,31.2779
343714,343715,308,16.9842
341556,341557,308,12.8196
341541,341001,308,35.5191
337742,337202,308,9.92298
337217,336677,308,35.5191
342083,341543,308,22.3906
337759,337219,308,18.6835
337211,336671,308,35.052
337203,336663,308,37.6153
337207,336667,309,31.2454
337209,336669,309,26.5792
341018,341019,309,13.9182
337213,336673,309,32.5182
341542,341002,309,29.6735
337738,337198,309,22.3906
341010,340470,309,14.9391
338302,338303,309,16.9842
339934,339935,309,44.4109
338848,338849,310,25.4885
343172,343173,310,24.3941
337215,336675,310,30.0609
337214,336674,310,32.5182
341018,340478,310,17.1306
341005,341006,310,4.84682
344246,344788,310,1.83072
341009,340469,310,14.0754
342054,341513,310,2.44732
343715,343716,311,44.4109
337216,336676,311,33.7779
337199,336659,311,14.9391
341017,340477,311,12.4413
344244,344786,311,1.85587
342084,341544,311,14.2696
338303,338304,311,56.7557
336670,336130,312,28.8706
344251,344252,312,16.9842
336671,336131,312,36.3338
338304,338305,313,53.7448
339935,339936,313,25.9437
343173,343174,313,41.7162
339391,339392,313,16.9842
338814,338274,313,16.369
343714,344256,313,14.0236
341012,341554,313,14.0236
344781,344782,313,9.46903
345861,345862,313,8.15478
340466,340467,313,5.31948
342085,341545,313,13.631
336673,336133,313,38.8851
341019,340479,314,30.1941
341557,341558,314,19.417
336675,336135,314,36.3338
336668,336128,314,21.4292
336674,336134,314,36.3338
336667,336127,314,33.3766
344791,345333,314,2.4979
342615,342074,314,2.86733
340478,339938,315,30.1941
341513,340973,315,32.8413
343713,344255,315,5.11369
338846,338306,315,9.48854
343174,343175,315,64.5884
342631,342091,315,22.3906
344252,344253,315,47.4755
339936,339937,316,33.7271
336130,335590,316,43.2884
338849,338850,316,16.9842
337198,336658,316,23.3866
336659,336660,316,21.6843
344247,344789,316,1.78317
342627,342087,316,7.42643
338306,338307,317,53.7448
336133,335593,317,41.3214
344256,344257,317,25.9437
338274,338275,317,31.5202
343716,343717,317,16.6742
336135,335595,318,37.1056
337202,336662,318,15.6406
345862,345322,318,31.2454
336134,335594,318,36.3338
337219,337220,318,10.0048
342631,342632,318,11.0323
339374,339915,318,0.863756
345333,345875,319,28.6486
340479,339939,319,31.7752
339392,339393,319,16.9842
338275,338276,319,56.7557
338307,338308,319,53.7448
343175,343176,319,27.6396
342074,341534,319,31.2779
344241,344783,319,1.78317
335590,335050,320,36.3338
342091,342092,320,20.5007
341558,341559,320,19.417
336128,335588,320,25.4814
338277,337737,320,8.30517
342632,342633,320,63.5849
338308,338309,321,53.2842
335593,335053,321,39.1317
342092,342093,322,64.5884
338850,338851,322,16.9842
340973,340433,322,21.4292
336660,336661,322,17.5121
341019,341020,322,8.15478
337201,336661,322,9.92298
339938,339398,322,22.8696
342086,341546,322,9.22048
343717,343177,322,29.6735
341545,341546,322,11.4349
338309,338310,323,56.8166
342633,342634,323,41.7162
336127,335587,323,17.1306
335594,335054,323,30.0609
339937,339397,323,20.2863
344242,344784,323,1.62356
341534,340994,324,33.7779
339935,339395,324,9.92298
336659,336119,324,11.3604
335595,335055,324,23.7778
336662,336122,324,26.5792
341008,341550,324,2.19891
339894,339353,324,2.82054
338310,338311,325,59.5077
342634,342635,325,62.3296
344253,344254,325,11.0323
335050,334510,325,35.052
343176,342636,325,26.1463
344243,344785,325,1.64117
339393,339394,325,16.9842
342093,342094,325,45.5802
344786,344787,325,7.59645
345875,345876,326,15.1922
336658,336118,326,14.2696
342087,342088,326,10.0048
344255,344797,326,14.0236
345862,345863,326,7.95764
338311,338312,327,59.5077
341020,340480,327,32.8413
342091,341551,327,11.8878
340479,340480,327,7.8633
339939,339399,327,17.9241
339939,339940,327,13.3492
336660,336120,327,13.631
342094,342095,327,53.2842
342595,342053,327,0.982393
338851,338852,328,16.9842
335053,334513,328,22.3906
335588,335589,328,13.9182
345876,345877,328,53.2842
341006,341548,328,8.18787
337220,337221,328,10.0048
338312,338313,329,64.7362
334510,333970,329,38.8851
339353,338813,329,34.4489
335587,335047,329,24.417
339398,338858,329,23.3208
335588,335048,329,17.1306
345875,345335,329,15.6406
335595,335596,329,9.7569
344257,344258,329,8.70054
343717,343718,330,8.25772
338274,337734,330,8.6806
343177,343178,330,13.9182
345322,345323,330,9.06796
339395,339396,330,18.7856
335054,334514,330,20.702
342636,342637,330,21.6843
342095,342096,330,36.1223
344248,344790,331,1.65028
341011,341553,331,4.7031
335596,335597,331,59.8926
336119,335579,331,20.5022
338313,338314,331,63.5849
344789,344790,331,6.93335
342088,342089,331,23.018
337734,337735,332,50.6142
345304,345845,332,0.904215
337737,337197,332,12.4413
340433,339893,332,15.6406
335055,335056,332,13.6261
339940,339400,332,33.9126
341551,341552,332,21.6843
335589,335049,332,35.5191
345335,345336,332,36.1223
333970,333430,333,38.6401
338314,338315,333,56.7557
335050,335051,333,7.95022
341559,341560,333,8.15478
339397,338857,333,14.7626
335055,334515,333,16.1067
341548,341549,333,22.9783
344797,344798,333,15.1922
336661,336121,333,13.631
337735,337736,334,53.7448
338303,337763,334,5.87531
345877,345878,334,19.2858
338852,338853,334,16.9842
339399,338859,334,22.3906
338304,337764,335,6.13036
345878,345879,336,56.7557
335049,334509,336,38.8851
335048,334508,336,20.5022
338305,337765,336,6.18249
341020,341021,336,7.68276
344254,344796,336,14.0236
338813,338273,336,22.8696
334513,333973,336,19.473
338858,338318,336,22.3906
335051,334511,337,38.8851
335597,335598,337,19.8065
343178,342638,337,20.5022
339400,338860,337,32.8413
341546,341547,337,6.94317
336118,335578,337,13.0219
342637,342097,337,20.5022
342089,342090,337,17.5121
336120,335580,337,15.6406
337765,337766,338,56.7557
345336,345337,338,16.9842
335056,335057,338,19.8065
335047,334507,338,16.369
335579,335039,338,22.3906
345863,345864,338,8.94191
334515,334516,339,19.8065
338315,338316,339,18.7856
337197,336657,339,21.4292
343178,343179,339,11.8653
334514,333974,339,17.1759
337221,337222,339,9.64521
345337,345338,340,63.9758
334509,333969,340,38.1371
334508,333968,340,40.1283
338853,338854,340,16.9842
341021,340481,340,36.0514
338859,338319,340,25.4814
336121,335581,340,21.4292
334511,333971,341,40.066
338307,337767,341,6.13036
339940,339941,341,7.51273
338316,338317,342,45.5802
345879,345339,342,28.1347
344258,344259,342,8.15478
337767,337768,343,53.2842
345864,345324,343,32.8413
335598,335599,343,19.8065
342638,342639,343,16.6742
338273,337733,343,20.702
335039,334499,343,32.5182
343718,343719,343,7.8633
345323,345324,343,8.25772
335578,335038,343,26.5792
338860,338320,343,26.5792
343179,343180,343,29.4945
335580,335040,344,23.3866
333968,333428,345,33.7779
333969,333429,345,32.5182
338854,338855,345,20.7902
334516,334517,345,19.8065
333974,333975,345,19.8065
336667,336126,345,2.80046
335581,335041,345,31.2779
337222,337223,346,16.5911
334507,333967,346,17.9241
342097,342098,346,11.8653
333973,333433,346,15.0915
344798,344799,346,8.25772
339400,339401,346,7.68276
341560,341561,346,7.8633
341513,340972,346,2.79015
336133,335592,346,3.05556
339941,339401,346,33.9126
336657,336117,346,20.5022
337768,337769,347,28.2178
334499,333959,347,36.3338
338318,337778,347,13.0219
335051,335052,347,7.42562
343180,343181,347,31.5202
342639,342640,347,27.6396
345335,344795,347,7.94758
338855,338856,348,49.4823
335057,335058,348,10.0048
345879,345880,348,8.585
335038,334498,348,30.0609
338860,338861,348,9.65935
337219,336679,348,3.59687
333428,332888,349,36.5806
333429,332889,349,37.1056
337733,337193,349,23.7778
335040,334500,349,35.052
342074,341533,349,2.85904
335041,334501,349,36.3338
345876,346418,349,6.1693
338310,337770,349,5.63214
340972,340432,350,36.0514
338319,337779,350,15.6406
337222,336682,350,13.2093
336126,335586,350,29.1565
341021,341022,350,7.20303
337770,337771,351,59.8926
346418,346419,351,56.8166
335052,334512,351,39.1317
333967,333427,351,30.0609
333975,333976,351,16.9842
338320,337780,351,18.7501
338320,338321,351,12.8196
344252,344794,351,3.65966
338311,337771,351,5.63214
334498,333958,352,41.3214
333959,333419,352,32.5182
337223,337224,352,16.9842
342098,342099,352,17.5121
343719,343720,352,11.4349
345864,345865,352,7.68276
343181,342641,352,30.1941
345880,345340,353,29.1565
342640,342100,353,26.636
337734,337194,353,6.39793
337771,337772,354,49.4823
346419,346420,354,36.1223
333976,333977,354,37.9929
332888,332348,354,31.7752
341533,340993,354,32.5182
334500,333960,354,35.052
336679,336680,354,19.8065
341022,340482,354,38.1371
333971,333972,354,7.77169
341534,340993,354,2.9137
343720,343721,355,36.1223
335599,335600,355,8.98026
344259,344260,355,7.77169
337766,337226,355,8.6806
335596,336138,355,5.59626
339941,339942,355,7.51273
333977,333978,356,56.8166
345865,345325,356,38.1371
333427,332887,356,33.7779
336682,336683,356,16.9842
338317,337777,356,10.3791
340432,339892,356,25.4814
337736,337196,356,6.67866
334501,333961,356,22.3906
337735,337195,356,6.13036
338314,337774,356,5.87531
337772,337773,356,63.9758
337226,337227,357,59.8926
337224,337225,357,23.018
342641,342101,357,33.3766
333958,333418,357,35.052
337778,337238,357,15.6406
345340,344800,358,34.4489
333419,332879,358,24.417
337779,337239,358,17.9241
335586,335046,358,17.9241
334517,334518,358,8.11213
335041,335042,358,7.76272
336117,335577,358,11.8878
338321,337781,359,18.7501
338321,338322,359,12.8196
337780,337240,359,19.6093
334501,334502,359,11.0323
338861,338862,359,9.0926
339942,339402,360,32.8413
332348,331808,360,25.6618
336680,336681,360,16.9842
345880,345881,360,8.36368
335058,335059,360,8.38573
339401,339402,360,7.43155
341561,341562,360,7.43155
343181,343182,360,8.15478
337774,337775,360,28.2178
339353,338812,360,2.82054
337227,337228,361,32.2548
332887,332347,361,30.8757
336138,336139,361,17.37
333960,333420,361,20.5082
337193,336653,361,11.5399
339892,339352,361,27.4478
336679,336139,361,11.1424
333418,332878,362,28.5566
336683,336684,362,19.7455
333972,333432,362,18.8633
333978,333979,362,19.7455
338302,337762,362,2.44565
345875,345334,362,2.19889
337775,337776,362,53.3356
342053,341512,363,2.63739
337228,337229,364,49.8659
335046,334506,364,27.4479
334518,334519,364,16.16
337238,336698,364,21.4059
344260,344261,364,10.8657
337196,336656,364,19.6423
333961,333962,364,13.2265
338812,338272,365,33.8814
345881,345341,365,28.4114
343182,342642,365,31.8762
337239,336699,365,20.5082
341022,341023,365,6.47718
345852,346393,365,0.864396
345860,346402,365,1.82594
333961,333421,365,15.7753
337229,337230,366,60.5584
332347,331807,366,29.8821
335059,335060,366,19.7455
338322,338323,366,15.1101
332879,332339,366,19.6423
343721,343722,366,8.83283
335600,335601,366,8.58716
346420,346421,366,8.24919
337194,336654,366,11.0332
337195,336655,366,14.4335
334502,334503,366,14.4344
332878,332338,367,28.5566
337240,336700,367,18.8078
345865,345866,367,6.47718
344261,344262,368,27.7777
333979,333980,368,19.7455
336684,336685,368,19.4263
337240,337241,368,11.2752
337781,337241,368,17.2316
337781,337782,368,12.1825
332879,332880,368,10.8657
337777,337237,368,12.6219
333978,334520,368,10.8864
337230,337231,369,49.8659
341023,340483,369,36.3328
339942,339943,369,7.14194
340482,340483,369,6.65368
345341,344801,370,31.3753
342642,342102,370,33.3812
335042,335043,370,8.38816
335577,335037,370,12.6219
336700,336701,370,41.6492
337231,337232,371,62.1288
338323,338324,371,20.5278
338862,338863,371,8.89653
345325,345326,371,6.91961
345866,345326,371,36.3328
337241,337242,372,26.0579
336685,336686,372,29.6556
331807,331267,372,26.9718
338272,337732,372,21.216
336653,336113,372,13.8036
333962,333422,372,18.8078
336701,336702,372,60.5584
336139,336140,373,8.58716
339402,339403,373,8.15639
334520,334521,373,21.7705
334506,333966,373,17.2316
333962,333963,373,11.2752
333421,332881,373,18.0044
336686,336687,374,60.5584
337782,337783,374,17.486
332338,331798,374,23.2965
334503,334504,374,12.6858
332339,331799,374,18.0044
333432,332892,374,12.7047
345881,345882,374,7.64899
336656,336116,374,14.4335
336698,336158,374,15.0905
337242,337243,375,38.9058
338324,338325,375,27.7777
332339,332340,375,11.7132
336684,336144,375,11.0332
341562,341563,375,6.71693
343182,343183,375,7.06561
337237,336697,375,22.3353
336699,336159,375,14.4335
336702,336703,375,47.5053
336687,336688,376,60.993
346418,346960,376,5.0443
336654,336114,377,13.2
335037,334497,377,23.2965
337776,337236,377,10.0902
334519,335061,377,10.8864
337243,337244,378,44.5304
335043,335044,378,12.6858
336655,336115,378,12.6219
338325,338326,378,33.9243
344791,345332,378,0.982069
336688,336689,379,41.6492
336159,336160,379,29.6556
331799,331259,379,31.3753
333963,333423,379,24.2892
346421,346422,379,8.03784
332881,332341,379,25.3126
335061,335062,379,61.8664
333422,332882,379,23.2965
336703,336704,379,32.2548
337244,337245,380,53.3356
343183,342643,380,31.8762
337783,337784,380,19.4263
344801,344802,380,10.8657
339943,339944,380,9.47167
344262,344263,380,9.09067
335601,335602,380,7.56387
345341,345342,380,7.14194
342642,342643,380,6.84989
334504,333964,380,25.3126
336160,336161,381,58.6171
336113,335573,381,15.7753
338863,338864,381,10.4827
341023,341024,381,6.47718
343722,343723,381,6.99151
340483,340484,381,8.89653
346960,346961,382,18.4167
331798,331258,382,18.8078
345882,345883,382,13.808
333966,333426,382,16.4888
332340,331800,382,21.4059
337732,337192,382,15.384
334497,333957,382,34.3981
345875,346417,382,2.12932
336144,336145,383,12.6858
336116,335576,383,16.4888
345866,345867,383,6.47718
340972,340431,383,2.664
333964,333424,384,35.5913
333423,332883,384,30.8451
331259,330719,384,34.8752
337236,336696,384,22.3353
336144,335604,384,16.4888
336158,335618,384,15.0905
332341,331801,384,30.3779
336126,335585,384,2.53847
332882,332342,384,34.8752
336697,336157,384,15.7753
336161,336162,385,29.6556
337784,337785,385,20.5278
342643,342103,385,33.8814
344802,344803,385,23.0463
336704,336705,385,19.7455
342102,342103,385,6.78233
335044,335045,385,16.63
336145,336146,386,47.5053
337245,337246,386,16.9501
336140,336141,386,8.03911
339403,339404,386,7.93839
334521,333981,386,11.2738
333980,333440,386,8.2415
333957,333417,386,40.0698
334504,334505,386,8.89653
345326,345327,386,6.84989
338326,337786,386,18.8633
336162,336163,387,61.8664
340431,339891,387,37.7113
331800,331260,387,30.8757
345883,345343,388,23.7659
331258,330718,388,27.4479
337192,336652,388,24.2094
335573,335574,388,16.63
335602,335603,388,12.6858
333427,332886,388,2.70714
338326,338327,388,10.46
336146,336147,389,46.2174
344803,344804,389,31.7018
332883,332343,389,29.3889
338864,338865,389,13.808
344263,344264,389,11.7132
337232,336692,389,8.09588
335618,335619,389,21.731
333424,332884,389,30.3779
336115,335575,389,13.2
331801,331261,389,28.4114
337786,337787,390,31.7018
337246,337247,390,29.2633
330719,330179,390,27.4478
335062,334522,390,12.9198
343183,343184,390,7.06561
333977,333437,390,3.99965
332342,331802,390,27.4478
335619,335620,391,56.1936
334505,333965,391,32.0181
339944,339945,391,9.78739
346422,346423,391,8.35941
341563,341564,391,6.65368
333417,332877,391,29.69
338327,338328,391,41.6492
339891,339351,392,29.69
331260,330720,392,30.3779
340484,340485,392,9.78739
345343,345344,393,21.731
332886,332346,393,31.8762
336652,336112,393,31.3753
336705,336706,393,13.5542
336157,335617,393,15.7753
336696,336156,393,16.4888
330718,330178,393,32.8797
335573,335033,393,12.6219
337247,337248,393,49.8659
336163,335623,394,20.4096
345883,345884,394,8.70937
341024,341025,394,7.73342
344264,343724,394,28.8986
332884,332344,394,29.3889
337787,337788,394,27.7777
336706,336707,395,50.507
335620,335621,395,31.7018
343184,342644,395,32.8797
338865,338866,395,17.486
335603,335063,395,20.5082
336705,336165,395,14.1422
338328,338329,395,31.7018
337248,337249,395,62.1288
342643,342644,395,6.78233
345344,345345,396,38.9058
333437,333438,396,19.7455
346961,346962,396,7.64899
332877,332337,396,28.5566
336707,336708,397,58.6171
335033,335034,397,26.0579
337249,337250,397,62.1288
330179,330180,397,14.4344
331261,331262,397,13.2265
331802,331803,397,14.4344
337788,337789,397,33.9243
335621,335622,398,47.5053
339945,339405,398,22.3353
336163,336164,398,9.80538
336141,336142,398,8.58716
333981,333441,398,12.7146
333424,333425,398,7.30142
331261,330721,398,15.7753
338812,338271,398,2.65531
332346,331806,398,30.8757
333965,333425,398,20.5082
337789,337790,399,50.507
333440,332900,399,11.0706
336708,336709,399,59.0644
345867,345868,399,6.32211
338329,338330,399,26.0579
335576,335036,399,9.23404
335618,335078,399,10.0902
337775,337235,399,3.6991
344786,345328,399,1.54368
342644,342104,400,34.3797
335617,335077,400,22.3353
330179,329639,400,14.4335
342103,342104,400,6.78233
345862,346404,400,1.57788
337250,337251,401,26.0579
335623,335083,401,21.4059
332337,331797,401,34.3981
336156,335616,401,18.8078
336112,335572,401,18.8078
339351,338811,401,15.7753
338866,338867,401,18.4167
335575,335035,401,12.6219
339352,338811,401,2.55941
337790,337791,402,47.5053
333438,333439,402,19.7455
345345,344805,402,24.6579
340485,340486,402,10.4827
339945,339946,402,9.78739
344804,344805,402,8.24919
330178,329638,402,15.7753
346423,346424,402,9.36394
332344,332345,402,13.808
335078,335079,402,47.5053
331806,331266,403,34.3797
336709,336710,403,26.0579
336165,336166,403,13.808
344264,344265,403,7.55839
338271,337731,403,33.3812
332884,332885,403,7.4703
344788,345330,403,1.47691
336142,336143,404,19.7455
335623,335624,404,10.1238
331262,330722,404,22.3353
338330,338331,404,24.4847
332344,331804,404,15.0905
336166,336167,405,56.1936
330180,329640,405,18.8078
336165,335625,405,15.0905
343184,343185,405,6.91961
345884,345885,405,9.36394
330721,330181,405,20.5082
345860,346401,405,0.881344
337774,337234,405,2.94303
341564,341565,406,6.71693
334522,333982,406,9.31576
331803,331263,406,16.4888
336167,336168,407,53.3356
335625,335626,407,56.1936
331797,331257,407,24.2892
335604,335064,407,6.35893
335604,335605,407,4.50472
336145,335605,407,6.00288
341025,341026,407,8.15639
338867,338868,407,19.4263
337791,337792,407,24.4847
335079,335080,407,24.4847
335616,335076,408,23.2965
345345,345346,408,8.47277
329639,329099,408,19.6423
335083,335084,408,16.63
344265,343725,408,31.3753
346417,346959,408,5.53183
343724,343725,408,7.22053
344787,345329,408,1.64845
337235,336695,409,14.4335
339946,339406,409,22.3353
335572,335032,409,19.6423
337251,337252,409,13.808
338331,338332,409,20.5278
331804,331264,409,32.3779
344789,345331,409,1.47691
335605,335606,410,35.4865
335626,335627,410,49.8659
335064,335065,410,49.8659
343185,342645,410,32.3779
331266,330726,410,21.6275
332345,331805,410,19.6423
335084,335085,410,50.507
346962,346963,410,7.38466
342644,342645,410,6.71693
335033,334493,410,8.83611
336168,336169,410,33.9243
335034,334494,410,11.0332
337731,337191,410,20.81
335080,335081,411,27.7777
336710,336711,411,13.808
329640,329100,411,24.2892
335622,335082,411,11.0332
331263,330723,411,34.3797
337251,336711,411,15.0905
330722,330182,411,22.3353
335037,334496,411,2.49797
335085,335086,412,61.8664
335606,335607,412,56.1936
335627,335628,412,56.1936
340486,340487,412,10.4827
338868,338869,412,24.4847
330181,329641,412,20.5082
346424,346425,412,10.46
335065,335066,413,44.5304
335076,334536,413,29.69
336710,336170,413,15.0905
329638,329098,413,13.8036
339946,339947,413,9.78739
336169,336170,413,36.3266
335083,334543,413,12.6219
334494,334495,413,41.6492
335628,335629,414,60.993
331257,330717,414,20.5082
331264,330724,414,33.8814
334497,333956,414,2.75339
335077,334537,414,10.5503
335086,335087,415,38.9058
331805,331265,415,34.3797
342645,342105,415,34.3797
344805,344806,415,7.74216
342104,342105,415,6.78233
345868,345869,415,6.32211
335063,334523,415,7.41334
337792,337793,415,13.2265
345346,345347,415,14.4344
338869,338870,416,31.7018
330723,330183,416,29.8821
332900,332360,416,8.76797
337252,336712,416,22.3353
345885,345886,416,9.50673
334543,334544,416,33.9243
330182,329642,416,29.8821
336170,336171,416,36.3266
338332,338333,416,15.1101
346396,346937,416,0.820244
335629,335630,417,42.5344
334537,334538,417,38.9058
335066,335067,417,29.6556
336695,336155,417,18.0044
329641,329101,417,33.8814
336692,336152,417,5.08719
333956,333416,418,36.774
344265,344266,418,7.14194
329099,328559,418,14.4335
333957,333416,418,2.85137
335082,334542,418,20.5082
335079,334539,418,9.23404
335630,335631,419,62.4156
338870,338871,419,36.3266
335087,335088,419,27.7777
333441,332901,419,6.79588
332892,332351,419,2.23375
341026,341027,419,8.38816
345875,346416,419,0.975397
336152,336153,420,41.6492
331265,330725,420,31.3753
330717,330177,420,24.2892
343185,343186,420,6.99151
339406,339407,420,9.47167
334544,334545,420,31.7018
337252,337253,420,9.78739
340431,339890,420,2.71879
329100,328560,420,17.2316
339947,339407,420,21.4059
330724,330184,420,26.9718
340487,340488,422,11.9078
341565,341566,423,1.72328
339947,339948,423,11.9078
336171,336172,423,12.8763
345886,345887,423,13.5089
333417,332876,424,2.98926
329642,329102,424,2.99332
337793,337794,425,11.9078
334539,334540,425,11.5753
333441,333442,425,1.60339
339891,339350,425,2.98926
346960,347502,426,6.80936
338333,338334,426,11.5136
335631,335632,427,12.8763
336712,336713,427,10.3212
342594,342052,427,0.269418
336153,336154,428,13.8833
339407,339408,428,12.6535
334545,334546,428,13.2221
346959,347501,428,13.4184
328560,328561,428,13.7296
345347,344807,428,1.99513
338871,338872,429,8.13787
334493,333953,429,3.69747
346425,346426,429,2.34589
346417,346958,429,5.158
332877,332336,429,2.93048
343725,343726,429,1.78023
344762,345302,429,0.204735
336152,336694,430,14.1701
341027,341028,430,9.56269
336155,335615,431,7.37119
338870,339412,431,12.6922
337253,337254,431,9.93609
338869,339411,431,11.3303
339948,339949,431,12.9892
332337,331796,431,3.21806
336172,336173,431,12.9892
330183,329643,431,2.46255
338871,339413,432,11.9953
338868,339410,432,9.00593
346963,346964,432,1.94062
329098,328558,433,4.2903
337192,336651,433,0.535098
335042,335584,433,2.76167
345887,345888,433,10.5848
334542,334002,434,7.37119
338867,339409,434,7.19239
338331,338873,434,7.60206
335088,335089,436,3.21121
334546,334547,436,13.7296
335032,334492,436,2.89978
336112,335571,436,2.33543
335632,335633,436,12.2903
336713,336714,437,10.3212
333439,332899,437,0.838681
338334,338335,437,9.56269
339351,338810,438,2.10322
328561,328562,438,11.0862
335081,334541,438,3.19267
330177,329637,439,7.72834
333982,333983,439,1.69299
336173,336174,439,13.2887
330178,329637,439,2.10322
345887,346429,439,9.00593
339949,339950,440,12.2903
342645,342646,440,1.71038
335616,335075,440,2.63275
331797,331256,440,2.69253
334536,333996,442,3.35182
338873,338874,442,13.879
345886,346428,442,6.11701
338332,338874,442,5.51305
335076,334535,443,2.98926
335572,335031,443,2.39448
328559,328019,443,4.98169
336714,336715,445,13.5432
336652,336111,445,0.683757
333953,333954,445,6.49097
328561,329103,445,8.50739
338872,339414,445,9.00593
336153,335613,446,5.50216
346959,347500,446,3.30238
333956,333415,446,3.32586
333983,334525,447,19.484
335633,335634,447,9.93609
334496,333955,447,2.93048
335632,335092,447,7.37119
336154,335614,448,7.37119
338335,338336,448,9.93609
331257,330716,448,2.45379
336174,336175,449,10.3212
334002,334003,450,6.49097
334538,333998,450,3.69747
338874,338875,451,11.9078
328019,328020,451,13.879
335633,335093,451,9.69327
330717,330176,452,2.69253
329638,329097,452,1.93496
338811,338270,452,1.88034
333416,332875,452,3.04756
338335,337795,452,9.69327
335066,334526,453,2.63827
336715,336716,453,12.9892
339411,339953,453,6.4514
333996,333997,454,8.60173
335631,335091,454,3.88477
335067,335609,454,4.16092
339414,339415,454,12.2903
334545,334005,455,4.08225
339412,339954,455,6.11701
346416,346957,455,2.8691
334535,333995,457,10.548
334539,333999,457,3.35182
341025,341567,457,2.66892
339947,340489,457,3.46935
340487,341029,457,3.46935
335634,335635,457,10.3212
339410,339952,458,5.51305
342105,342106,458,1.73671
338336,338337,458,10.7152
335093,335094,459,13.2887
335613,335073,459,11.4262
334542,334001,459,2.45379
336175,336176,459,10.3212
332876,332335,459,2.93048
339948,340490,459,3.94484
335614,335074,460,11.8693
330177,329636,460,2.51331
334546,334006,460,4.50931
333983,333984,461,4.67573
338875,338876,461,10.3212
345869,345870,462,1.63502
332336,331795,462,3.04756
336716,336717,462,11.1142
337795,337796,462,10.7152
334523,334524,463,1.70851
328020,328021,463,9.08246
339415,339416,463,11.5136
330184,330185,463,2.34589
334544,334004,464,2.51836
331796,331255,464,3.10524
345886,346427,464,2.22695
341026,341568,464,2.76167
332360,332361,465,1.4665
339954,339955,466,9.56269
335635,335636,466,11.1142
328558,328018,466,4.2903
335094,335095,467,13.5432
340490,340491,467,13.5432
329098,328557,467,1.82655
